,Total Parameters,Model Size (MB),GFLOPS per inference
yolov5n,1867405,7.166678428649902,4.49606
yolov5s,7225885,27.607779502868652,16.4851544
yolov5m,21172173,80.82474040985107,48.967356
yolov5l,46533693,177.587477684021,109.1450712
yolov5x,86705005,330.84502696990967,205.669052
